CloudCover,Temperature,Humidity,WindSpeed,AerosolConcentration,Target
37.454011884736246,27.926468560789807,18.513292883861965,7.786226777043271,13.085284186795299,29.18453053989177
95.07143064099162,21.443854653764816,54.190094737835814,7.187728164445964,12.348939953599992,59.924043349197355
73.1993941811405,12.38110465145311,87.29458358764083,0.3846309870965353,45.312729026051834,68.94803585296894
59.86584841970366,32.551800788277944,73.22248864095612,5.1187174143923455,12.477309992475305,56.3345459158163
15.601864044243651,27.389246902155172,80.65611478614497,5.702934281787856,13.59748630643155,43.75893206667961
15.599452033620265,6.504677573795652,65.87833667107174,5.982341713453508,37.969913120898184,37.57034342881375
5.8083612168199465,36.4370873797537,69.22765645178525,8.702585538409984,22.486992122527,39.55462511524697
86.61761457749351,32.90148971692676,84.91956515653193,8.004038200903176,38.83552784775906,78.42778995079051
60.11150117432088,37.99199653167696,24.966800885918595,9.11857639190167,3.268307878219262,39.53252862573137
70.80725777960456,29.0287803355344,48.942496364314046,11.473248923131925,24.378559683669216,36.15343517209944
2.0584494295802447,24.536607837431596,22.120944181960223,12.194786080741402,1.6806800091641316,18.51457925720498
96.99098521619943,16.729721451624755,98.7668007996647,10.771846143397417,3.132660172767726,73.93213248172954
83.24426408004217,37.309139334160534,94.40593396866133,14.332855439324021,45.321872667220546,77.6188605681291
21.233911067827616,34.642555580016335,3.94268113685059,0.27348874014542446,6.962268555879758,13.991179346036596
18.182496720710063,1.8087468042475763,70.55751725156884,2.9366697852531916,26.621034113760857,43.80005748394693
18.34045098534338,1.0546789798900802,92.52483174156659,0.1134431246721318,20.554780130035326,50.54952527456086
30.42422429595377,15.058534675121983,18.057534512733355,9.712120712319045,17.367166312942135,18.588280672343096
52.475643163223786,32.422133231273314,56.79452305526295,13.470458234249804,44.99166728436362,54.40246325731668
43.194501864211574,39.49104517259778,91.54882975880419,3.652234448644489,1.091169838774475,52.96409502284668
29.122914019804192,6.016675644141127,3.394597858579884,13.9055181719446,33.189484308779456,10.073656209170931
61.18528947223795,23.765228614085405,69.742026724684,0.9040108543434128,48.16972171067752,55.14251593073104
13.949386065204184,15.235634265240861,29.734900737255078,14.016540402082715,28.008409173092097,28.3399587254932
29.214464853521815,38.79657591258413,92.43961953765304,5.274340308594516,46.84112310165459,65.55501316119295
36.63618432936917,33.684756925428346,97.10582451653677,1.5213124267382478,2.6128939643011884,59.60356330697969
45.606998421703594,33.533148188445516,94.42664891134339,7.288076387794884,20.93966595370807,65.29022137542347
78.51759613930136,18.74772639179881,47.42142166574638,3.8516485158076192,13.007889548102558,50.99805008002928
19.967378215835975,16.592780093506608,86.20426509893134,4.273093529428842,36.54104824903649,46.27787946073681
51.42344384136116,10.93628287722825,84.45493985350704,4.609349473894299,49.064854524862334,61.14607404505059
59.24145688620425,2.2550198660370846,31.910047324325564,12.045388467489952,12.82650312221239,37.515752486643684
4.645041271999773,34.588895050202126,82.89154741506773,8.087419150128817,32.70873007370373,50.55004747529733
60.75448519014384,32.516040365203104,3.700763471549262,4.669615487340055,9.904881637987007,33.87363889614174
17.052412368729154,39.98870693144522,59.6269878482053,9.155006749663775,28.266512728580494,45.2035067189655
6.505159298527952,39.86547348295622,23.000883728770305,10.742260113347903,23.19662433441681,24.898843671195582
94.88855372533332,22.217268224105098,12.056688577727881,4.089360011003007,48.60026648157685,50.577954357880984
96.56320330745594,30.75949660722042,7.695320162920916,6.203236522880273,30.42636363482333,42.94049845397144
80.83973481164611,37.79062919529712,69.62887758781397,1.8282914000542134,17.475318604340938,57.96493642219412
30.46137691733707,33.98589562709646,33.98749637680661,2.7172402430202047,5.704789244396668,29.706836330434744
9.767211400638388,9.893924069727905,72.47667715287615,10.216767809474742,7.562341436746728,31.820295477241068
68.42330265121569,18.02176541240374,6.535634079894237,2.721575215434404,11.265846497561755,25.195661870337226
44.01524937396013,5.166376606059799,31.529033783061035,7.877450755005903,12.5483330670149,28.402992790849353
12.203823484477883,38.16204109034889,53.949129237533725,10.63569392583649,42.53080289205689,35.822512483527184
49.51769101112702,24.246985378035202,79.07231648389636,1.6031538464211574,28.061139414126245,54.083151928748485
3.4388521115218396,9.14571222013851,31.875250293206992,8.509683294433554,26.169545568718323,10.49374086002755
90.9320402078782,26.86802737623427,62.58913764370091,3.848441755520456,5.7384435934608735,59.80852975875053
25.87799816000169,24.725129618315833,88.5977748236187,14.443903128563697,43.00698466747175,55.32680553447122
66.2522284353982,14.326508721313619,61.58631881823046,7.253184700798871,36.140715160424186,49.07382115593698
31.171107608941096,4.542303687985161,23.295947475363377,12.089888246627371,3.383418095000079,23.98640747916812
52.00680211778108,26.862927823711985,2.440078155653802,8.253398132343927,35.39175486148844,32.359941286311496
54.67102793432797,20.812308036151734,87.00988739009298,0.6511879928222875,27.176910867132303,51.43902165143202
18.485445552552704,30.892735669425573,2.126941085038714,9.497270633910336,4.086267287338913,9.849136965631693
96.95846277645586,20.806540044479735,87.47016726841994,14.271050133099855,22.915032076432823,68.5420093183841
77.51328233611146,34.0872600127416,52.8937134027212,9.024177302194968,24.234814356502348,50.615837577511016
93.9498941564189,22.076273550979423,93.90676985128962,12.287832891401854,8.288727008163788,76.16800580309081
89.48273504276489,22.43751886141545,79.87832357736654,13.263096950226117,47.284907350014116,70.07041397220858
59.78999788110851,35.0661441063338,99.79341105333374,3.421196579233987,42.49876857403309,70.09089351544642
92.18742350231169,16.139314648495883,35.071181545171015,3.1806725986233997,33.451116866455415,40.06995193632682
8.84925020519195,5.360609138025629,76.71882889311269,9.164714832764876,23.11477805003036,41.516971046596716
19.59828624191452,1.151307052533559,40.193091360924214,6.165427047100571,20.588277079225424,19.387204767422233
4.522728891053807,30.20549022694476,47.98756203039088,12.597919543000804,32.548673357547706,32.404801656975295
32.53303307632643,24.812382054138588,62.75054632183701,13.500346850970168,27.271593470345273,45.97524591535171
38.8677289689482,28.163190723968942,87.36771141863387,5.301320689540772,3.113655294094281,59.77544871071623
27.134903177389592,8.518566460356428,98.40834691992951,3.553058384617231,25.625132438516584,46.68484380267276
82.87375091519293,5.4548590234707905,76.82734138645182,11.707882728657927,40.32018086164197,48.21989412040783
35.67533266935893,0.5817866267152771,41.77667821673337,4.122090533222042,22.961993879847903,32.09927974525085
28.093450968738075,14.023502352263879,42.13570022770702,12.339214777705175,2.597828877713421,38.09620683025355
54.26960831582485,23.596707474185322,73.75823015888915,6.356073804731443,39.31390996920165,62.913138003454186
14.092422497476264,15.689761803989292,23.877714576830233,10.013248489372057,10.06818910679872,19.975952807634368
80.21969807540397,17.498996880949164,11.047411313139467,1.4330297075200227,12.931041744401938,31.537800142942867
7.455064367977082,36.166347779749934,35.462215764077655,9.357889870148595,8.235317671614794,29.393480299410378
98.68869366005173,13.930218680932015,28.723899165408174,6.7765151810584365,16.51075324357488,41.829919247432
77.22447692966574,20.559579566392433,29.630812045599008,8.79912694763211,37.83757528443175,47.62896529724528
19.87156815341724,31.346120509645722,23.360775104990992,2.5202131161729513,25.96929297519687,28.123759987872027
0.5522117123602399,15.861711292850806,4.209318963636188,11.053106174162732,10.244063707535627,12.412047760065589
81.54614284548342,24.88346800911494,1.787393473341381,12.941956163148427,43.89150390760204,51.18461743365768
70.68573438476172,34.49454834986981,98.77223897360315,3.251097001361635,43.97909274757646,76.33502417294213
72.90071680409874,37.98082494630569,42.77731337358623,1.435718332802426,43.52892125230034,50.63361135587293
77.12703466859458,5.8829392371615175,38.432664715968166,0.35457879069504594,11.939810569076965,41.36859309833427
7.4044651734090365,37.06350500645978,67.96472826930699,9.62957250664899,22.561967209049406,31.840326043281735
35.84657285442726,19.684651723181528,21.825388786506416,9.106410541331712,49.249482807043755,27.790235008244906
11.586905952512971,10.329775531958333,94.99611839502253,8.20046119071105,38.60062381549952,47.69417869144954
86.31034258755935,18.36543024953045,78.6345014415552,3.479206441739631,1.358371061277991,58.77726339440169
62.329812682755794,39.201303011419085,8.94110023122595,5.86358993858272,3.2602295630246028,31.659632791152365
33.08980248526492,19.704723759714785,41.75807757849284,8.917145027792596,23.19656884061664,30.38435944449069
6.355835028602364,13.150064411500328,87.91183075621647,7.4515028828875405,45.461010293078004,52.4983757180958
31.09823217156622,25.33603417266903,94.47320222914102,14.81678280322331,26.935089897635713,56.96809532705759
32.518332202674706,9.605824751127724,46.74015112498697,2.046596288350997,24.890625401714512,34.1621470800044
72.96061783380641,3.0345331243465568,61.34113892107077,10.427168310713906,5.273684997831529,46.70448512608537
63.75574713552131,5.155188876425969,16.70339460920752,6.064781521564382,32.8390052362147,32.84416304042991
88.72127425763266,5.121833558310898,99.11686261369765,6.4229942238842215,41.105158030011275,77.8999087734651
47.22149251619493,6.076107740491774,23.16717013834434,10.763966484872643,19.021000375378115,23.704234660290414
11.959424593830171,5.553086905976405,94.27317741351257,10.386542269865545,38.78059254626638,45.45354927480632
71.3244787222995,25.634989792128586,64.96466489923685,14.868839905532825,48.22383269504058,58.96859429045971
76.07850486168974,7.275203375965793,60.773679487885914,1.9259143418118785,10.188322956384454,43.48325347203663
56.127719756949624,13.826691332954528,51.26885110165086,1.5616447407624952,26.166481559737065,40.01795980672733
77.0967179954561,35.87153639624047,23.06698117177587,10.865082256931117,14.356897904228777,39.84579957735285
49.379559636439076,18.958465610514892,17.652803200550828,8.675803755096137,39.64272095169197,36.41882652732727
52.27328293819941,26.702309540841085,22.048620907017536,4.112409998397088,28.879668294057875,35.692272541473216
42.75410183585496,6.8927948480651935,18.643826214425452,1.191290534834799,31.72912087751519,27.449202221346447
2.541912674409519,7.691560752346831,77.95844735667534,1.284873743946458,39.895707980794704,43.78735459061875
10.789142699330444,1.6347446506591545,35.01252591667301,13.412863119961774,19.798523633122745,20.522264865569685
3.142918568673425,6.757402522886582,5.784267656339637,2.8780098707811437,45.75450342035216,13.567463393951527
63.64104112637804,11.143613561278345,96.91026301408114,4.850573431732811,26.651443362307,63.80927666707175
31.435598107632668,7.080419371069873,88.37858849634257,3.3998460334048204,7.8977411417674,48.879663924974295
50.85706911647028,3.5481013502822245,92.77522831952129,5.3249445874790595,34.79495590844012,55.64852966038811
90.7566473926093,4.825434844024032,99.49078226464353,1.0413576411914005,39.66306752191272,61.79583631140935
24.929222914887493,18.43115072130903,17.38952492194873,7.785896863624055,15.838083853376334,20.21441859776368
41.038292303562976,8.2533487362317,39.62420189026587,1.0141884538832235,42.85896284993765,43.40513272510609
75.55511385430486,14.570794441923018,75.82384757040913,12.005347617335424,45.30716273828832,67.93765087565768
22.879816549162246,20.136690834194276,69.60206180537922,3.5056812286564956,13.845224368890447,45.811162993461465
7.697990982879299,27.615793145174614,15.389590633985506,8.100178719067658,49.1760736357611,27.950465767841553
28.9751452913768,1.5724855936439575,81.58331249906178,13.201186313421873,7.035576402437921,43.79904943661051
16.122128725400444,31.976415956361706,22.444057183666068,9.763160535707913,10.100783420124499,23.199398759190952
92.96976523425731,25.11601557963631,22.38176148226231,7.994366798270029,9.211241961901306,40.559982436136316
80.8120379564417,3.2703612779548763,53.69744228934136,4.865006296730634,44.69948550039352,51.74446941802034
63.34037565104234,34.94314496427109,59.293993484170315,4.995028695872969,32.714627616248094,57.94414040792162
87.14605901877177,36.83489602127253,58.00862078378112,10.042304327972852,7.6052141611136435,64.37656474980827
80.36720768991145,2.44311839419455,9.148683739775487,14.912090418317513,22.016170918417448,31.609058261996037
18.657005888603585,11.075105925888149,87.74608626303804,9.927587847740678,30.764901253490102,45.77072571312741
89.25589984899777,32.24805119172245,26.560004258870606,8.366751260550373,4.173204249469165,44.89733989132295
53.93422419156507,29.930387615346334,12.951492128280417,10.959757653588692,44.12081842036694,37.51908602223101
80.74401551640625,7.380840774255093,88.87480798689772,6.978084184255772,40.180176772076756,60.40595264888858
89.60912999234932,8.373972933468412,95.56514982297534,0.9021351390117782,25.26033867883191,59.136846306677796
31.800347497186387,14.81888411165528,86.21276172654507,8.434452238168648,48.35633076295852,51.9114737409993
11.005192452767677,19.380919407640853,80.95160747248781,14.364379267580704,20.888048963754986,37.306248784725085
22.793516254194166,24.730190861211838,65.52419806390218,2.6295441353648945,49.20551595182489,42.96537588536692
42.71077886262563,14.756545582790896,55.08573706091393,10.350073362309987,33.395999940181355,42.58683966476679
81.80147659224932,18.501388645325918,8.698675991141014,3.014005329885847,31.733563662697073,34.36468387398018
86.07305832563435,29.89883752535026,40.845321307069874,8.037415267096218,8.29774476478925,57.04868367601523
0.6952130531190703,1.467328115623916,37.2688517012314,1.4501467447007943,44.0963879152322,23.730259567084534
51.07473025775657,10.09747777376083,25.97537837603262,6.755564043872777,21.37448439603076,32.77838864214458
41.7411003148779,28.533983435382098,72.3420113688585,11.342449933428691,8.111670289123968,52.06084008934024
22.210781047073024,35.808273507487975,49.58757350787708,5.213572863584731,0.630375998787952,28.320987872863927
11.98653673336828,20.467097684626644,8.104621590764793,9.97367586730827,27.987784181919128,20.823639550996358
33.7615171403628,21.284539410612627,22.018320194981133,11.931749411845939,26.369981106133817,27.36595430605889
94.29097039125192,4.286880453591042,68.32587636595959,13.907667292191789,35.967681118457925,65.91795637306195
32.320293202075526,17.896494672938186,7.613085949030019,3.519631227831803,44.512902650890105,17.81425206864663
51.87906217433661,21.304690658200926,85.12069140487687,5.989738737139622,3.9703292321514763,46.99917583749131
70.30189588951778,9.698820145389186,49.51465270139743,2.2862401999562616,36.574824517018115,52.52617785416781
36.3629602379294,10.769729237975238,48.0586577326648,14.887252532375628,9.370597204879111,36.31829684987802
97.17820827209607,15.091366524184906,59.24077846595176,13.90501451886443,42.9088526578582,58.4893680256809
96.24472949421113,0.8028479111090547,82.46809659251491,8.099356954208394,40.953175693082805,64.22085586279047
25.178229582536417,12.883166623327131,34.780920790219305,12.63049941564632,27.03968774927722,34.35712257076182
49.72485058923854,8.457920279861785,67.80161525590636,7.814369659080633,35.51213993116558,43.500165343398685
30.087830981676966,13.099894087116585,56.5731963995791,9.353785320041396,15.71750565918742,45.314286552918055
28.484049437746762,4.790485272770049,26.70282701694213,1.3368664817402491,23.558394946640732,19.281941585498668
3.6886947354532795,35.6210912295958,87.8629986355158,11.329056307452118,41.08184488552358,53.296715297004525
60.956433397989684,23.743698142161946,79.74260216069281,1.9157022545285223,22.963259858660695,56.82989222488703
50.26790232288615,27.164092765779586,65.84518346584255,12.391014453787927,17.88991326627209,53.1702375044007
5.147875124998935,31.566849544293532,85.05817290942419,11.73042131505579,24.710622362514993,43.45354601968714
27.864646423661142,19.93768795716229,86.72942009598023,10.631170466144647,41.41246262186092,52.96816294314779
90.82658859666537,3.4768115234969477,70.83629767150347,0.5424057078714317,16.760402368543637,59.02363446995412
23.95618906669724,21.484261672741912,83.7013328363672,4.546925339179929,8.68807965678719,41.48386312567415
14.48948720912231,23.473644720835164,69.74714616692836,3.946688548662643,35.60070101653904,46.181994880689686
48.9452760277563,29.8175789673732,68.01407717603004,5.402046112072786,41.29891063540409,51.75160054076988
98.56504541106007,17.266381849187177,61.86113782151843,1.3146412014575781,5.031873926176667,57.444758694062116
24.20552715115004,5.10321211182255,75.27166395576413,14.054367345465941,11.993705637797236,35.920993489915496
67.21355474058785,11.351036231948978,15.86051052930737,8.307033610685645,7.098599488049695,17.44695119005428
76.16196153287176,14.523291855945404,88.08707591989284,4.582864659870353,17.39707057910833,62.87164220586667
23.763754399239968,25.83668965326405,87.1843527745232,5.9547227561142515,22.517548945270633,62.90865094789497
72.82163486118596,22.831132186756477,2.9247283034559146,6.708038107572535,37.44131684816532,37.457229089182995
36.77831327192532,14.24386903591385,82.58167505647627,9.00891500040926,32.557379244083705,52.15268854931192
63.23058305935795,39.460609951719185,12.886986747344519,7.735191415447467,31.046428373921557,35.7453612879083
63.35297107608947,24.230992774275485,33.51188542591419,13.79087959821626,17.61874733048272,40.70152959159107
53.57746840747585,9.48907166943978,74.35082562916078,7.454452243587454,42.072377654238,57.13055994398614
9.02897700544083,4.07129890481615,16.07598960483082,14.88237022234969,23.564358369908227,8.3280569145873
83.5302495589238,6.114365567373281,81.79670241190622,12.771374366176437,48.95524690075773,72.55409317268112
32.07800649717358,9.838309135380324,83.21341779577419,3.127657715360037,31.70710691478684,53.36578639473007
18.651851039985424,6.427254930382227,50.746773376083624,13.958928219658745,6.313237078225137,32.415576249761905
4.077514155476392,7.4626809620522305,0.638587171683358,1.7454959682821414,33.8088781037717,10.322210515755204
59.08929431882418,11.403806747753883,28.703813317491278,12.261745627367874,16.25520077158495,34.63852565777063
67.75643618422824,6.934943811790193,61.69269183757422,5.7093494021487015,34.31635983430487,55.18822397774347
1.6587828927856152,35.870616985057005,98.11861780274235,13.169614806676043,3.482057408120287,51.05906540620276
51.2093058299281,3.2093498264656883,63.18135270166684,13.020850351611756,8.74407185879797,41.46965253663347
22.649577519793795,20.980455582810187,25.98035810641598,12.088881001764317,42.786862945289315,25.53757224246368
64.51727904094498,16.41587307958646,63.40057030996113,11.85045654460592,11.358977851175744,50.80423743340184
17.436642900499145,39.29514467634426,53.99853797158555,4.570187086470612,41.852056262147,48.94085554517433
69.09377381024659,4.481556086722094,77.98453951511436,1.2137892457687827,13.963804422720521,48.777983913891156
38.67353463005374,15.914223961829666,10.698063882695841,6.044702681477422,32.144095502935386,16.85035386521237
93.67299887367345,38.77881733101476,76.1027902502028,2.60286772479763,34.70752867549155,72.4588561221323
13.752094414599325,34.62028503575921,54.12665786761103,10.424266333536925,25.632737657252648,37.320910953120894
34.10663510502585,32.6828828379712,96.29920038589947,5.191495898066783,15.265533834836564,58.704360445442646
11.347352124058908,10.316113081797592,34.187216603868606,14.634153012898723,10.632218818554806,22.688621358095293
92.46936182785628,6.835503495602633,63.26218931339481,9.61458116017998,1.659467728121311,54.02642291688851
87.7339353380981,26.74572879697724,93.20281055100175,12.337208454515414,15.19732006203619,79.29622620626719
25.79416277151556,37.17503956510343,10.250972799067926,1.9878700911277263,32.65813952656415,16.267240405260956
65.99840460341791,22.270515720557192,93.72284872364511,12.930217234089339,46.91524092242413,65.28407589076173
81.72222002012158,22.864507578795994,68.78857223008133,13.841357857700915,43.5602241131526,63.314824122940905
55.52008115994623,11.199163746411367,6.78370591051719,7.305928782284038,38.30323882676513,19.504177668831158
52.965057835600646,30.779717327677474,30.096356694681624,9.093794066264662,39.42236716266493,39.57277624964095
24.18522909004517,7.481749942300935,70.81720886452815,11.472147013544932,33.249245173799764,50.9471472166723
9.310276780589922,12.947169456169746,6.73506014687717,2.622579408906188,13.01434287830015,10.264253827831935
89.72157579533267,17.017457544656672,58.217046017627325,7.538491146951636,45.359751535291494,61.94117447081678
90.04180571633304,20.3044151473782,34.588305695295674,5.979945416584696,33.5366155952917,43.93741280675392
63.31014572732679,9.69638929660321,62.091551776747714,2.195609882433737,28.022031549021996,47.000220474495364
33.90297910487007,4.593472989568141,4.5742033812512854,5.5130163343729714,5.5494734606740534,12.151359616075236
34.92095746126609,24.424801697665302,87.15368061523763,1.0225846407824035,22.35277719032127,52.03819015081408
72.59556788702393,11.54522212961023,97.3488969177397,0.38717860424230477,23.017913560096314,72.90753849837051
89.71102599525771,23.24952885690449,96.88778552856915,2.0274943373223415,43.228180476133495,79.69238487329764
88.70864242651173,6.1745086109680924,74.96518317429248,14.446726673837608,27.332411009389425,57.09847592027926
77.98755458576238,19.2456040741927,13.008624013063198,8.242943038425254,19.020027448520484,36.94651195715189
64.20316461542878,21.303577302063434,75.82631959290225,14.4873324172983,48.840016425532966,64.393670509381
8.413996499504883,2.0729414728970763,2.458691645880151,6.48746817495198,5.536029666315784,10.77778695408424
16.162871409461378,13.464171127756824,2.2123551528997254,4.677241996278894,21.12742141559723,19.732316454545064
89.85541885270793,5.37658707755897,32.36102191495412,7.592127942603661,2.1012337585702645,36.5956723390822
60.642905965958995,2.5349988189107098,48.864319040466576,6.592675329493652,36.99520603834652,40.07022628593145
0.9197051616629648,39.59840929559781,77.04074178077931,1.5849702639261587,45.90382760995753,39.68882348004703
10.147154286603211,12.894153798988919,68.32953766065052,9.612394720353093,14.001866477524471,34.36559252215037
66.35017691080559,32.3949778341854,44.590270637674834,3.240572737643994,42.91708383995604,53.15153998025596
0.5061583846218687,10.185626190550554,27.362666628166586,9.293819323467444,14.610911523094888,20.727039682346422
16.080805141749867,27.26010888895717,99.71245001577111,9.7530163859723,45.53850808219576,57.099915240040204
54.87337893665861,30.409114395587462,42.6181302235973,2.2803727969297216,37.6980951798392,43.760583950102145
69.18951976926932,23.825549624313773,45.13870243296755,0.9202444066600224,40.24533884207193,50.41904983671807
65.19612595026005,18.863047542006335,16.362382119166917,11.711423791026597,0.900327780022725,26.421305989550675
22.42693094605598,16.473636565890743,79.48095487499293,6.897006356539802,48.1405178537013,59.828810151348165
71.2179221347536,13.954730661719811,69.36822257814886,0.8724569325821369,36.33354960351616,49.35896195559582
23.724908749680008,37.18116576991304,22.07696127887604,14.922994757546507,15.237554769306666,27.339976138188977
32.539969815926774,33.22477631150917,8.238104561584269,0.8667084149454996,41.46973324294235,36.0840145350504
74.64914051180241,38.601076426660505,68.0499302074713,10.425528432878298,14.076059920746498,60.00161415441723
64.96328990472146,4.971888939421789,65.45112142811352,14.755183878951204,43.6376919783064,52.99703114623225
84.9223410494178,29.23469900814577,27.32595269982093,3.587701563238884,5.6290195205968505,41.4905340885822
65.76128923003434,37.533618272841515,95.08635622504103,2.133740530307943,35.184298873039786,69.75202636225436
56.830860333547164,7.249322646626406,15.105789178090024,1.8207740913364334,27.034923832245518,35.55195795341174
9.367476782809248,2.6598506946711,43.23348010426019,4.549127213513933,4.826723509772041,10.527760545975038
36.77158030594335,29.644825971602362,94.36159201675989,1.5156871651597004,12.094691412941948,64.26223266948834
26.520236768172545,22.978924527196476,41.97273169261223,10.38242012541198,0.6202018138657395,22.833314129035685
24.398964337908357,33.67315107033088,63.85259476640856,0.9343769719509404,23.438398273225292,41.82457436541138
97.30105547524455,5.59089506505158,39.75943979627943,7.641331922246845,15.063263038000018,46.70760552441449
39.30977246667604,31.81069247439561,27.421520234867003,14.950452807794651,29.91787421488794,37.30164845030525
89.20465551771133,8.065092801909781,98.39776479598282,12.209554042590282,14.86189038543086,62.582660634613895
63.11386259972629,6.54623771462818,40.9334006315043,9.228291573465164,14.995955575349235,41.638437820830596
79.48113035416485,6.570631917239718,89.40992036791344,4.593804311799175,37.15965993658017,76.84762095937404
50.26370931051921,32.58298880925528,22.995460589108617,9.358437544374578,2.4071417989176727,24.80701791474259
57.69038846263591,26.607888827848004,21.31047040250833,7.905621958674774,45.144749759599364,39.26840686528933
49.25176938188639,20.922616990764773,3.113408288451136,6.391250758355572,42.61319371955907,23.607048234967923
19.52429877980445,14.353219364940099,65.1666825375885,1.960655651102992,33.39023416132033,42.03061045968313
72.24521152615053,35.08802163252433,36.852634372376116,13.299063228607,29.661078505369215,48.64207535761496
28.07723624408558,15.697804296905415,86.4358249839637,6.746769732319838,44.615124906982615,49.95923440363407
2.431596643145384,32.66397757886308,47.32099066915572,2.919337677311476,9.266508976435722,30.16597543106482
64.54722959071678,17.565396342808736,96.81934279147217,5.516390263159344,3.9484581095414306,71.49481404088854
17.711067940704893,15.077777176996303,18.552551570312115,6.211946287933905,11.975508495476905,16.902301075817313
94.04585843529144,18.507191426784257,86.86231679556109,12.413068433503115,39.728913935009516,76.8389027568362
95.39285770025873,12.055114966565682,77.65968527917417,11.00421570842103,1.7335133363241662,56.43662741157428
91.48643902204485,29.904375207050045,77.0921844644052,11.539573404620096,29.140341754174482,64.42952858305267
37.01587002554444,20.108815603699167,84.47832281168877,0.1654689664297082,49.77187580956549,58.753939462236865
1.5456616528867428,9.288507805872692,76.10239909429988,6.242309972696423,42.78480469187697,46.912776039856716
92.83185625877253,35.982982930982736,62.62203216314154,7.220162274529854,26.072284452179474,66.14488385456664
42.81841483173143,15.355648854928457,13.124487768238758,0.2878841523458503,3.182045464332117,20.092860202451966
96.66548190436696,21.742114444559544,3.2526179491251916,3.8971981311755135,41.568675719285494,41.07573293144044
96.36199770892529,36.25888443858188,92.08478478156869,11.404347346832026,29.94892540886053,71.80480762184352
85.300945546736,24.969519836559684,61.665031452073805,2.056645585934986,5.746649852978342,59.23760660118259
29.444889206958567,4.675921628334563,79.65372909761763,8.029651971788875,4.69286424116781,47.147220273183194
38.50977286019253,37.59328494453901,48.152235151255006,3.2280280802585626,45.48134097182962,43.055633793089534
85.11366715168569,25.108322122856713,11.730818896239448,0.1818116196583991,33.46001314690392,37.92597394279383
31.692200515627768,13.396224586283445,12.518579220255043,3.618021863993122,41.46433996583777,24.9242799963826
16.94927466860925,5.57088290653549,68.55652872289714,14.638106323650806,43.94894501411336,38.76221885914529
55.68012624583501,31.761007570811838,43.030589489946266,12.023056678244844,28.58861760241611,44.82725758503693
93.6154774160781,24.80291023714054,20.052472670033673,14.3936496648155,25.872317587752065,56.16535340750117
69.6029796674973,21.33844367905286,49.15945467414369,7.317810658895437,21.521370516049508,47.17133211233946
57.0061170089365,35.75570332203831,6.420893707513409,1.6460429801625525,15.847329389555965,27.48903404742939
9.717649377076853,31.543888448981228,58.19714019143988,8.219392334605395,21.729798042935588,32.935658874490066
61.500722669916975,6.066995189310047,26.899340443509768,6.815660018399413,38.69398278650782,40.28919229263684
99.00538501042632,12.46888271182193,79.75591006371882,12.665356241094239,30.09617155075658,68.3393287495575
14.008401523652402,9.93956559257863,31.036195892357377,1.471238711763669,44.6261644977423,22.1255333511968
51.832965236373674,29.75785170290708,45.52201490818012,7.323617055326673,22.169000718959385,50.008316996740874
87.73730719279554,1.3412973894311753,1.1620539908100636,2.250729970409764,30.3544789359377,38.81799659352825
74.07686177542044,22.79558739485266,7.244688779455888,4.8701389033509,31.565377654599438,31.65624728804295
69.7015740995268,30.49834742962762,39.24935564066848,11.060356160816994,29.584858115316276,38.36793074058616
70.24840839871092,35.07062547046998,47.99388347171235,7.140271940531498,35.13168865427582,57.95053634674477
35.94911512197552,13.683269948636298,60.00205481193037,5.63832427718654,11.871673418740315,36.161728548962415
29.359184426449335,32.850292186880516,29.166257870930323,5.917144178550529,25.618188877289533,35.136030450017834
80.93611554785136,4.425269478208289,69.49818861265426,6.8917015260898,5.211240140417384,44.24091601386668
81.01133946791808,33.85809166938073,86.01223971892045,11.775248157555854,19.22556638224063,73.41550011853019
86.70723185801037,5.099546493279297,77.98509888933498,13.381270334103515,24.38335343106322,56.49682529675371
91.32405525564712,15.89149162241469,3.9618825348357145,14.330020297558924,32.611212977273624,41.42227147191298
51.13423988609378,31.891814631182143,48.0506947257829,11.803550793829427,47.526552629310174,48.7294385556479
50.15162946871996,5.996697093950951,10.493017841817487,4.731103436220191,30.032553327417794,20.41377647007363
79.82951789667752,9.170055809305659,24.204501586252746,10.322020591298132,37.17969580882799,39.52254100162069
64.99639307777652,28.89010273572265,98.66625932671465,6.564046860830879,25.313302974760138,72.30023227520242
70.19668772577033,28.801461461842976,14.249554290151323,3.8200593306907678,31.705201568816566,37.995375793593425
79.57926694361011,25.64590531541189,49.888815345135605,12.61307369138884,3.5466108066886717,53.04319749215482
89.00053418175663,27.757937778684003,61.81557343181191,0.576395234434875,12.719579042092349,68.79693672360158
33.79951568515358,21.708977733903847,70.2464970544104,13.526429882031353,18.092654660256933,38.14926070867585
37.5582952639944,10.07196235627811,55.96486834869141,6.922161969371013,23.624667750325678,47.64369952579102
9.3981939840869,13.827839740156778,0.9770847419183659,9.558022152124206,2.282437275119187,7.317906426514925
57.8280140996174,7.263908672057027,32.64613082439919,9.89030883308674,7.001204877665884,28.91041422574488
3.5942273796742086,36.33802245334513,51.771164338471145,13.426766110598045,13.84071538956529,25.150215925229496
46.55980181324602,23.335671790644817,8.786649914483336,9.55004523250811,48.576634545052535,28.968130357394223
54.26446347075766,16.034056670545596,35.06269312091808,9.209003771400926,16.567350355152538,41.06503092516887
28.65412521282844,18.480232145765306,3.3203108791366565,0.9997806084103494,24.102052905604125,16.64795970902972
59.08332605690107,37.89133358447261,7.857849715502074,7.776120329178061,9.804885636919646,37.861717933399255
3.050024993904943,6.134056124643208,39.69232762015961,2.252535012255625,30.53900355378841,15.456348604587214
3.7348188749214417,23.44919328067189,13.271575404306034,11.061506530822284,14.034160775798716,13.716669184013872
82.26005606596583,20.23554715537864,56.75408482615582,7.683328812190117,10.349628921921338,47.101403738159924
36.019064141126286,24.458169417385914,68.94649691372658,10.2034166881253,25.828631422298955,49.478576852181654
12.706051265188478,0.7244073528336203,80.05866991090829,0.625093509035764,0.27528995802104106,40.487149934128034
52.224326005480435,34.88495635776606,20.01502442448101,1.2718802406870484,0.3832016324612664,28.667564131488028
76.99935530986109,37.28473129934449,16.748258225906977,10.744850820940234,10.953440455092888,26.415245469365292
21.582102749684317,22.60532734356836,10.456784033440025,1.0812650399801005,1.836068125041057,16.50262411173261
62.28904758190003,27.86603295507569,63.64302495436367,1.0688509164788789,5.401287706534569,52.764459307802284
8.5347464993768,36.89997524709183,70.64757264869012,0.18162712852331175,16.94303246693758,42.77145805998275
5.16817211686077,28.289545372535944,3.1586144825642037,14.347520974492202,40.12928397899064,21.387486107275077
53.1354631568148,6.101561716570454,93.62122462436898,11.062625391885105,28.602432168465043,54.09766883672489
54.06351216101065,23.051534406672527,5.1971283651472415,5.298771127530962,25.63338629782082,30.41923890399852
63.742990149820656,24.268601855314238,54.12963353010704,4.448033719314829,14.674441160406083,54.014576250468394
72.60913337226616,16.96522685209544,70.90605194509165,5.245548446187743,46.587685971640816,51.89569855815853
97.58520794625346,29.457769424988914,87.09691237460856,11.619802967717728,19.850752061859584,75.16274330597695
51.630034830119534,37.37468059076059,71.40869321324278,9.920559166056217,4.354638339788575,50.155748406717834
32.2956472941246,37.02274051627106,80.17280830697918,2.777933518012019,30.853325805890066,53.52164779555915
79.51861947687037,18.033574856165284,33.94501925428061,2.611640030011265,5.69191967383007,43.763060886273166
27.083225126207424,4.52952183363021,81.48251137465122,1.4759347457009597,17.261157140084606,41.85070394217875
43.89714207056361,39.39364795849338,8.011484638467515,9.904540795520072,25.370596935890443,25.174742252606276
7.845638134226595,33.555923457837366,89.48166560605276,11.46558993332604,43.71112623425879,52.1582528935018
2.535074341545751,4.986507248130674,54.75923761537362,3.9756964248750606,24.677329017005935,22.12567327771994
96.26484146779251,36.83367530469489,81.72977699624937,0.3141744154636922,35.11293830158321,68.79162212136121
83.59801205122058,34.79585448248513,45.23182845183001,1.2325750121464103,49.64084194995352,61.03592735047806
69.59742060936979,20.753522285042884,64.35776951965249,14.517900522675458,6.574455994899081,46.74113169725586
40.89529444142699,23.65101742979717,52.640266093611324,4.431671662161304,13.736576275975976,43.66853078488258
17.329432007084577,15.96010815480521,73.15895217553319,11.538347217572005,19.72880377988232,43.503626495430396
15.643704267108605,2.1904655528812533,8.162998203058958,9.369953532813957,21.09140892694157,3.3995790436613653
25.024289816459532,13.407889665836038,6.03520839905638,5.729094594793438,20.551053763277288,12.584237770280609
54.92266647061205,32.114137943920454,24.710323401014644,3.0853089329333265,45.380550127827746,45.715651871431255
71.45959227000624,0.18528092018411435,15.954468011318834,1.8207962723910964,35.70163222334282,28.397178060988793
66.01973767177313,13.339966867645767,87.17835665922017,9.225194520582999,30.395260704535186,60.04378485891165
27.993389694594285,15.926747743637733,21.92139873580443,11.619506709566819,15.468635893139105,25.563501137136292
95.48652806631941,21.495824117516914,97.58652558191314,9.65856380311696,41.189519211064734,82.558042094393
73.78969166957685,36.79422465651042,33.68957917711069,7.954531998737375,47.75302557424945,49.27457010887122
55.43540525114007,13.85383977463845,18.211791568869927,0.629268351474544,41.05991412751133,29.8890057210599
61.17207462343522,13.878128075849109,78.96985071424791,14.527331663915756,0.07825525957364521,60.56514246852392
41.96000624277899,29.500049924389934,65.87077755008761,11.980712874818618,31.82006850917035,58.902867116851105
24.773098950115745,18.088717635592285,49.8195716453139,4.392330550514471,2.5567690721050362,36.4749240125292
35.597267865126156,8.984192917599279,55.53635509376312,14.69955494038276,12.880361016686093,37.78418359291012
75.78461104643691,18.097580645307737,71.92017782722638,9.028223844544831,2.9762350173885843,51.97948841051407
1.4393488629755868,5.634280815191994,22.845474133129873,8.736339873108697,30.189772647469386,11.509911333176039
11.607264050691624,7.055479460248932,99.63339160567419,11.221097691442981,34.32949567463034,53.06968151162244
4.600264202175275,19.934710909579188,97.4793162146783,12.176546821352064,5.724381903295256,47.918223659445054
4.072880231897013,16.757017980181917,65.03256863469369,9.84717910997254,19.191944152248976,40.96543866255109
85.54605840110072,36.593836042724,19.954245092914512,1.9214361954930004,22.8118254477771,47.73437885566274
70.36578593800236,14.495755964665324,68.02282424312914,5.074012589917476,18.45265108804583,46.72421345548909
47.41738290873252,23.22353401112174,7.219840897917584,13.921254604890747,6.0512500242596525,28.621346356509214
9.783416065100148,25.290571516781213,3.0652502205806065,3.3692341776577788,20.94738950937377,7.539506209835421
49.16158751168324,0.5237782635333454,25.76828885112137,5.5825053575627,37.558902390420904,29.153651713339702
47.34717707805657,26.541494880668424,46.26229567393163,6.48115324416294,3.550383226662773,40.124986546589355
17.320186991001517,7.121438674790057,86.82725054083805,6.591074845416783,4.009000704095173,52.26048534539862
43.385164923797305,38.442812698778205,72.7169069766308,9.194093737417882,17.73856459179921,68.46095696321473
39.85047343973734,5.946509110124518,74.2706521199981,14.146137566170614,47.08628558094625,53.656569713076735
61.585009805221645,16.58496494908095,42.54933344480754,3.6103906774875743,33.428632336145704,43.09106059999999
63.50936508676438,3.4139867231457544,34.59349925469629,1.822520644513771,33.93349783362824,41.42668552220965
4.530400977204452,39.87497007383789,37.10387629846027,2.9620573478990595,18.09599954189325,31.476444755361143
37.46126146264712,20.087800413249703,98.76495637360578,13.303873503139043,29.68303956042692,58.27623255232142
62.58599157142364,23.815400692801752,4.010919141248248,9.68716218982809,0.5065592013871689,34.67964403574783
50.31362585800877,2.683059095537099,86.70314961224486,4.288601838587402,31.80480232047711,56.44746365736594
85.64898411883223,29.998418815967113,57.86754085723934,12.23920408452926,45.66434737881184,64.79172309824405
65.8693631618945,8.39622372382343,43.86154191895905,12.92054994545154,30.62867341724096,47.55462023104768
16.29344270814297,35.922171577628546,72.52576604151365,12.69771508035417,43.68492967331725,50.378331802661634
7.056874740042984,8.205585619280287,48.666894142470284,13.783898004593317,36.19865277330469,33.5386325214305
64.24192782063156,7.627508826546663,87.34232380816606,3.783615302600424,6.027920820184512,53.7421125901883
2.6511310541621813,1.4619867139237952,90.07018640112585,11.325628931194174,45.12266536429209,41.65898370095712
58.57755812734633,18.882677804399968,42.17209268734554,6.9080924591121,3.322192217788744,33.56160236478755
94.02302414249576,22.593645330504657,27.682779723505156,12.629978293350923,26.69837362738819,50.632509310128626
57.5474177875879,2.6283455771340947,59.23503285933622,10.927360157424198,7.106856189672883,46.99098654932039
38.816992620652194,31.021104667800422,91.2363345616691,11.646711697495869,0.5853305365452033,57.302852040539385
64.32882184423532,18.131553389921105,21.066218900566657,9.842427565216072,21.10171300638195,43.381285287437265
45.825289049151664,20.975610773103202,62.296658356348274,2.661431542045603,14.752035382707811,45.17926900226866
54.56167893159349,17.630509877529125,63.156022009252055,8.175403783454074,24.30002468988015,52.55449662930199
94.14648087765252,16.03052243501304,73.3113022415281,14.770046092867624,28.85999433672754,60.38356672136555
38.610263780077425,22.385613252328717,13.15676851272598,14.060820997456783,2.1869536154473677,20.418494769397306
96.11905638239142,6.2096098372285,71.58249646820886,0.647606036955175,6.150164756187282,63.143231272551404
90.53506419560637,7.277125219810845,90.9032520665641,2.472222235941557,27.93211982252127,73.5361847681607
19.579113478929642,34.47142484054069,17.968310887024195,1.9759316018184285,17.158367658632912,21.158060357161656
6.9361300875165455,37.84461848534531,23.754332492387764,10.889698649779433,36.4586743774724,24.806785550098624
10.077800137742665,14.932372651190118,97.13950940416396,12.266779947854175,32.614582429596986,42.78177596165462
1.8221825651549728,10.829786925742152,18.097695270948975,3.2026704946600786,42.28021814949534,14.668710506198773
9.44429607559284,25.75998172956063,85.4385093369579,7.587790394277435,34.62464133346126,52.18569044070514
68.30067734163569,16.349366843923857,49.227785644803475,12.610545420168,21.496553869507405,50.18222626116422
7.118864846022898,1.0154542264137945,24.723107440317705,10.99202317149376,33.64833111972162,20.32817270865569
31.89756302937613,6.246103894647614,87.07499012725114,8.133558082377725,13.769058712770926,48.36939088558215
84.48753109694546,28.638889153895903,44.53052550026655,8.855215356881594,15.315674938910634,51.661675161790996
2.3271935735825866,26.356957676406054,51.48173539296902,7.6254082037441995,39.44925799603966,29.55929717676952
81.44684825889358,1.0838397001393396,35.92333693997657,4.463226769782309,22.32097582007911,46.08560700620022
28.185477477339994,8.878886477317977,59.29508514349274,8.475329892885242,39.919017025917626,42.46593836654154
11.816482762165625,9.242991863522857,16.352387258502276,10.33327953075136,41.12111868341392,21.07942412376882
69.67371653641507,26.875709743949137,39.10815366517607,13.099843737912115,42.87811688306419,46.37705388180211
62.8942846779884,0.7884215101745662,96.94123223352875,9.544370309688722,45.83176179206036,54.38773078378021
87.74720135270529,4.164343279382954,25.813343270112753,11.41682305564737,21.549261025664812,46.77136023513385
73.50710438038858,31.996643414927576,65.67366645412922,2.401074524318595,15.943340916056941,54.838294162336226
80.34809303848486,7.1417864821733446,32.51900642246949,6.923362116296849,29.109937329705694,38.93916766202301
28.203457257130648,26.109844314074987,77.34731256866006,0.13997429740639944,18.558621171881377,50.88011751764071
17.743954377972283,9.52731124186906,13.087366071834982,3.7001829678243454,30.05370834001165,15.196597190296806
75.06147516408583,3.9776557103738064,96.98210450785447,10.896925726695073,35.27929313219123,73.24323767083885
80.6834739267264,9.726887639978163,45.37895413836392,14.877149270240452,34.42025092460684,53.29392621144566
99.05051420006733,28.890677274226366,23.605046334646396,1.4876714938082385,18.727644351006067,51.23668509206774
41.26176769114265,34.22785872425143,7.349674733001265,6.022414737919323,8.34301008493764,16.88676563902753
37.201808579278314,33.208794582679666,16.975790508754073,12.001064530487392,21.526466923110377,34.48136088574398
77.64129607419969,15.887341184738194,51.977394855601766,3.0605345194334825,7.129707204095437,49.789550464203515
34.08035402530179,26.723405462825845,33.70031764312863,8.326274239534294,44.504851759190416,34.29457013703142
93.07573256035647,8.199371816632839,82.88833658826094,10.996069440445122,17.29387303689287,66.57875553100533
85.84127518430118,11.72590921044053,43.08875236618059,9.239781753902685,7.722987361166189,38.07232637122917
42.89940273750184,35.85343274084479,24.871427258762992,2.820371019231242,1.2723879952875439,32.36421908058276
75.08710677914974,0.5200769404294414,61.714498660403,5.330768530286091,32.29111931432421,47.27929566874458
75.45428740846823,3.420341234178723,70.67772168854458,11.756876767280959,31.84511587273716,50.19270293485099
10.31238688359326,8.315450205841092,16.704190790094987,8.31339771198025,17.030208329064582,6.796887626153437
90.25529066795667,1.0612881549527886,16.761921628831765,0.07844420314369105,3.5855944423825505,40.09881673437445
50.525237244785714,7.257417403591893,3.667142693354297,11.414861400421408,20.4814447447616,18.57255454476718
82.64574661077417,23.321662438787687,73.64020150656405,0.529670324103586,15.56087475316968,68.94339035237854
32.00496010306117,16.856982023699917,66.38045276218051,11.186006740968482,33.856031986750466,42.48376336033005
89.55232284962005,35.706868443078996,47.46308757498139,3.0372084024785613,30.288962472634516,49.150720576548736
38.92016787341631,32.69774246953764,84.41704489691972,14.371102201790704,18.229686409877,49.85280268652809
1.083765148029836,13.672694067915039,80.56701529500532,5.519111269531267,10.894627712749505,43.37568229641778
90.53819764192636,10.3769373372517,58.535436439675216,4.903974245071186,49.40179830777959,59.5269989046355
9.128667678613356,15.187696326690677,86.82712805132586,2.23332075498667,22.700081059805743,41.282232503719676
31.93136375904149,23.61179770059231,20.584121003676824,4.584063232353223,34.413711789011856,28.726768128535017
95.0061967050805,10.72254563291505,11.191961939772789,13.149761427423009,7.027648378918039,39.34370192306285
95.06071469375561,24.96595631396536,26.974961151698963,14.94501506440871,24.27948498296989,54.27755771177756
57.34378881232861,16.376466087649618,5.708685608931486,5.524642957602725,1.3768359934732743,30.48715780116686
63.183721216979926,22.08188723407921,53.1169528001032,6.729159464318139,25.272755895522497,46.94680306054996
44.84455219783198,17.445061165412667,93.66056922949615,10.831064073041055,48.200870355885115,55.54805091085521
29.321077169806454,11.778630381676706,3.9343540668509647,13.292936706976118,19.210335649290013,14.20466223114359
32.8664545369916,37.938132278486265,12.21099140100268,8.895665012801762,1.9498006287455794,24.370615255062162
67.25184560770384,30.544231766390432,45.21990282834353,5.87288547266744,1.5477895459671764,40.079379241402044
75.237452943768,5.604527030658102,93.38750175279048,6.189327612729356,19.399337997343473,59.480754496140996
79.15790437258485,34.73871903591651,31.61561049767505,10.434272197452103,8.001246823159702,46.78219935912477
78.96181427945538,19.497247929980546,50.723480868839246,0.048273954064180224,1.1676048164092956,47.81167887968078
9.120610304869036,35.78208907576366,4.15728590503921,9.29384006189761,37.81068069750884,17.855794353408264
49.442030470258146,31.99421023789261,14.834320096208886,5.332395156620361,22.926150444094535,27.078244878084377
5.755876001664428,17.008540178769337,98.66301229588468,11.912959969156264,14.462238598632727,46.20665597183096
54.95288823237355,0.8987723328046959,96.51186964360456,1.3948595973469824,45.00415915082404,57.46956992486426
44.1530501373377,10.747094375397843,0.49399809344096157,8.823034004225857,5.8069480100262805,21.356119110996435
88.77041827582998,21.665368586434678,95.18117854232389,7.2145933482918565,47.79594144776596,81.74303817516375
35.09150125520787,25.33912879304589,63.91199378155004,9.63488288857841,15.698335868867641,34.765628861360156
11.706701642760587,10.315507417328092,86.79182945200222,0.9728039172445252,44.42018361543406,42.35595719430997
14.299168205283586,5.574242962912965,45.47398556338591,8.699756811421969,30.147143823973078,21.068606418238698
76.15106317174723,33.39720947197196,51.55960285792502,8.422268819392857,41.33536798707437,53.519900956084875
61.82180633162611,39.37608722814208,48.88465802569202,8.409901416242564,49.20065816052321,53.35902650133186
10.112267612279025,21.027607292107433,66.68642575461044,9.052314998946823,14.420271890937286,29.28120247904465
8.410680611499743,6.86717143393214,13.96512547563129,10.147019058395433,48.05677427037965,12.58925668833902
70.096913145912,10.892293060774758,2.9973589872677953,12.074834995211546,19.47409474512102,22.911545251956905
7.276300636419353,0.7356270618986693,30.79299415911909,4.047310801923215,19.275595236846115,18.777254739570974
82.18600592903562,36.57195226241996,70.46807627366466,12.37574115270093,17.019355212725284,63.67583476538564
70.62422271564962,4.710043315605645,20.185345212294838,7.473835233951805,27.07038036737926,31.02897461285216
8.134878064189976,23.060659020570142,67.34324333249174,1.1558741870149674,7.707252158924355,36.08787845025411
8.483771408519193,10.96220882748824,96.99120461072704,0.878263938659688,27.68557426790056,44.997403946525964
98.66395785011754,22.167120100631735,9.39007157894184,5.013574780440912,27.0852406205002,40.74382928720515
37.427079575612034,26.05681553407457,67.26021182251263,11.773454656672014,38.0950906302435,58.013768487366384
37.06421470668909,33.18967214828807,44.375021930457116,10.615214021113736,41.68249809687928,48.9926482883865
81.27995672575025,8.256850870424127,86.81422543775054,11.829224470086096,22.022067515621202,58.15791253311961
94.72485773838586,0.4398331463392191,17.71497894473859,7.7590358466241405,15.116662467574688,42.395528780542314
98.6001063822871,5.475425202752291,69.26259522261645,6.602984969332359,12.966744865854723,64.71229879508596
75.33781852589416,36.0007456739242,83.81152896481102,2.2117879005942593,9.731191835243596,59.15505800503066
37.62595855309158,34.95560310250061,94.46142194740233,4.922891304139673,2.882379109951244,60.83586661586251
8.350071669866876,23.89652408681233,68.32480282896458,6.510290492608129,17.122398941735668,45.19778140786188
77.71469159274368,24.020674417346136,49.71747640084273,1.3290064451942585,13.512384606539163,44.48611690364794
55.840424973580504,26.60146698185022,61.78472402012139,3.309179290668169,48.32086929332037,49.61238574995289
42.42220092469763,7.014851144937984,86.89049844787182,8.973379410956083,27.885441312502195,58.605622387186266
90.6354385094736,36.57647783699839,57.060974663882966,11.034946713587848,17.363851951525376,61.84411866833138
11.119748230615134,16.750820995682925,3.038705969683686,14.975212670894244,29.0233800496848,15.761220073389648
49.262510429085914,15.325541129979898,93.09486955069778,13.996699970153365,6.959835067284775,58.52856551560373
1.1353644767419069,20.7567082113135,68.95267510315611,9.638477993027873,22.202187460110146,37.83875264985635
46.86606419941263,1.8786386710022018,67.65133857772466,6.31872079941108,31.31171607105319,39.87641523418721
5.630327568183735,6.651334750243176,21.567515239771716,9.54266047062349,24.444891589622568,21.026826611494243
11.881791626807193,29.52134465705482,65.88854702326572,11.78477427120348,20.088940032716213,45.27475490936588
11.752624677710488,3.3119467170050587,39.386440565415846,1.7750428638508098,49.69241944498491,26.338414312480634
64.92103021160635,24.126084378655527,65.12329770414921,6.148573345444324,44.01573810744635,57.04324965519256
74.60448792654233,9.813964387252838,10.659303030799073,12.597034284534258,31.170297907972007,26.257719355376803
58.336876509715964,15.571824561679062,65.7845304603036,5.75749427899566,28.46886805911414,54.05871875227812
96.21725484745419,11.547749470827995,99.94137257706666,8.578084068407797,31.033023991229204,79.09542038990402
37.48705795237041,14.226908658597965,4.821203886055603,8.816540412932973,10.065605391121663,17.659693416171297
28.571208628186074,28.761836207369818,97.71741842213173,2.7671437970045902,19.75688716321593,62.134354262467625
86.85991281894603,11.884868624927002,40.690796072287064,5.433531624784326,1.972976644544966,43.6085029226053
22.359583851945263,22.656185611875888,87.07534503372591,5.017669331128982,23.777301874341333,52.70975866862478
96.32225394406113,19.042016087963987,78.23854840582734,0.3929506279809719,27.151229197883158,62.994508980763015
1.2154474689816341,26.546846614505924,56.70162609866678,0.36287645837032867,11.38748680516048,29.963160092383788
96.98788267076391,37.47318957299032,73.84492092513266,12.475455655136601,48.201442358275685,73.1111889328643
4.315991195057611,29.302883888410012,87.8515561301348,4.0960621495921865,45.4727305468621,50.44824888796684
89.11431136980711,8.597615143630271,40.4140321651033,7.771181493582231,36.107161772795294,48.576428002141114
52.77011090862999,1.247325402451387,32.70331615632387,4.480883603831596,26.66933143826813,32.72890573318229
99.29647961193004,10.490561771993004,66.75933855635847,14.110188676730107,43.498457982384245,69.95130564892267
7.379656473539886,23.803117228010194,80.78459419412586,3.889451382986606,6.532617191173146,38.27890202694857
55.38542844013208,2.057032539370014,76.22851347766158,6.444852191084026,39.52548971374425,45.7366209939007
96.9302535619099,19.854649888049455,79.78136488586345,13.090953757269027,6.241040698342415,75.30117531417015
52.30978441701488,23.87371395667557,43.5583314812933,12.62900350187713,39.71053312747027,51.38631124662373
62.93986381352625,13.369755632678434,81.78342161750216,2.7915212676941596,13.788378412567848,50.015798267336216
69.57486889846172,30.836488149832878,12.020905537060845,12.039649646935656,43.85452905090945,42.4768213805386
45.454106476777326,4.263930125350872,54.448909796084955,6.87280330106839,47.202104691269895,41.17766390252455
62.75580800840635,3.0055112694323505,0.575866049812157,7.244533081280328,7.439798470255782,22.45382357759092
58.43143119231002,29.127550248144132,32.45858299002703,2.002199586239157,23.133780253269677,41.37967026570252
90.11580104909889,19.81965264824794,36.646153487139784,1.20902270635687,49.049368908134255,51.90294970919154
4.5446380341457875,27.53609585710944,39.61726916092554,10.919089604606478,24.17037179865733,22.97020016813278
28.096318959223034,17.39309354414985,69.54672066898621,7.446917285329496,43.17737612572726,43.12244968573563
95.04114840765587,9.856081329564272,38.85581012703457,6.552760539227693,29.436576106565994,46.188049704563525
89.02637838909163,32.764092706967986,44.86936226225306,10.94262342978595,18.766495395980094,50.4114714027564
45.56567527857129,31.97663515875917,23.754413087432745,11.482693484866646,14.28917777629351,31.9484147407369
62.013259780153675,27.787858834177072,37.325179162934006,2.3836225150403036,10.161154554304364,37.15617572939903
27.738118298113267,10.885805489198507,22.726962726315147,9.15337724216462,38.08990956888486,29.170797303803802
18.81211597237613,23.609226674763484,7.319592376844364,2.030311234165283,19.327025341151394,23.73011721696389
46.36984049399822,14.438955877601071,60.34485933813779,11.270626290435684,25.56377311003756,42.434518133152004
35.33522280260528,3.663282933065366,66.82127985550163,9.854327344007093,24.616274000059096,43.443915339481414
58.365611185087204,36.692543018489715,61.94903460096145,14.349219316251869,28.863951461656562,57.173285036184424
7.773463696498483,5.472745236758456,46.34940438005724,1.0343702453463177,43.27885728122761,30.869908367371963
97.43948076661665,38.0094941528321,37.978578017922985,0.8558208172688148,49.03696717917147,59.80328672504021
98.62107444796028,17.84023091831823,86.33336495718252,4.232806120398002,20.379210428690847,74.66964846304687
